,Franchise,Film,date
0,Marvel's Cinematic Universe,Iron Man,2008
1,Marvel's Cinematic Universe,The Incredible Hulk,2008
2,Marvel's Cinematic Universe,Iron Man 2,2010
3,Marvel's Cinematic Universe,Thor,2011
4,Marvel's Cinematic Universe,Captain America: The First Avenger,2011
5,Marvel's Cinematic Universe,The Avengers,2012
6,Marvel's Cinematic Universe,Iron Man 3,2013
7,Marvel's Cinematic Universe,Thor: The Dark World,2013
8,Marvel's Cinematic Universe,Captain America: The Winter Soldier,2014
9,Marvel's Cinematic Universe,Guardians of the Galaxy,2014
10,Marvel's Cinematic Universe,Avengers: Age of Ultron,2015
11,Marvel's Cinematic Universe,Ant-Man,2015
12,Marvel's Cinematic Universe,Captain America: Civil War,2016
13,Marvel's Cinematic Universe,Doctor Strange,2016
14,Marvel's Cinematic Universe,Guardians of the Galaxy Vol. 2,2017
15,Marvel's Cinematic Universe,Spider-Man: Homecoming,2017
16,Marvel's Cinematic Universe,Thor: Ragnarok,2017
17,Marvel's Cinematic Universe,Black Panther,2018
18,Marvel's Cinematic Universe,Avengers: Infinity War,2018
19,Marvel's Cinematic Universe,Ant-Man and the Wasp,2018
20,Marvel's Cinematic Universe,Captain Marvel,2019
21,Marvel's Cinematic Universe,Avengers: Endgame,2019
22,Marvel's Cinematic Universe,Spider-Man: Far from Home,2019
23,Marvel's Cinematic Universe,Black Widow,2021
24,Marvel's Cinematic Universe,Shang-Chi and the Legend of the Ten Rings,2021
25,Marvel's Cinematic Universe,Eternals,2021
26,Marvel's Cinematic Universe,Spider-Man: No Way Home,2021
27,Marvel's Cinematic Universe,Doctor Strange in the Multiverse of Madness,2022
28,Marvel's Cinematic Universe,Thor: Love and Thunder,2022
29,Marvel's Cinematic Universe,Black Panther: Wakanda Forever,2022
30,Marvel's Cinematic Universe,Ant-Man and the Wasp: Quantumania,2023
31,Marvel's Cinematic Universe,Guardians of the Galaxy Vol. 3,2023
32,Marvel's Cinematic Universe,The Marvels,2023
33,Pixar-Disney Animations,Toy Story,1995
34,Pixar-Disney Animations,Toy Story 2,1999
35,Pixar-Disney Animations,Toy Story 3,2010
36,Pixar-Disney Animations,Toy Story 4,2019
37,Pixar-Disney Animations,Lightyear   - prequel,2022
38,Pixar-Disney Animations,"Monsters, Inc.",2001
39,Pixar-Disney Animations,Monsters University,2013
40,Pixar-Disney Animations,Finding Nemo,2003
41,Pixar-Disney Animations,Finding Dory,2016
42,Pixar-Disney Animations,Cars,2006
43,Pixar-Disney Animations,Cars 2,2011
44,Pixar-Disney Animations,Cars 3,2017
45,Pixar-Disney Animations,The Incredibles,2004
46,Pixar-Disney Animations,Incredibles 2,2018
47,Pixar-Disney Animations,A Bug's Life,1998
48,Pixar-Disney Animations,Ratatouille,2007
49,Pixar-Disney Animations,WALL-E,2008
50,Pixar-Disney Animations,Up,2009
51,Pixar-Disney Animations,Brave,2012
52,Pixar-Disney Animations,Inside Out,2015
53,Pixar-Disney Animations,The Good Dinosaur,2015
54,Pixar-Disney Animations,Coco,2017
55,Pixar-Disney Animations,Onward,2020
56,Pixar-Disney Animations,Soul,2020
57,Pixar-Disney Animations,Luca,2021
58,Pixar-Disney Animations,Turning Red,2022
59,Pixar-Disney Animations,Elemental,2023
60,Star Wars: (Original Trilogy),Star Wars: Episode VII - The Force Awakens,2015
61,Star Wars: (Original Trilogy),Star Wars,1977
62,Star Wars: (Original Trilogy),Star Wars: Episode V - The Empire Strikes Back,1980
63,Star Wars: (Original Trilogy),Star Wars: Episode VI - Return of the Jedi,1983
64,Star Wars: (Original Trilogy),Star Wars: Episode I - The Phantom Menace,1999
65,Star Wars: (Original Trilogy),Star Wars: Episode II - Attack of the Clones,2002
66,Star Wars: (Original Trilogy),Star Wars: Episode III - Revenge of the Sith,2005
67,Star Wars: (Original Trilogy),Star Wars: Episode III - Revenge of the Sith,2015
68,Star Wars: (Original Trilogy),Star Wars: Episode VIII - The Last Jedi,2017
69,Star Wars: (Original Trilogy),Star Wars: Episode IX - The Rise of Skywalker,2019
70,Star Wars: (Original Trilogy),Star Wars: The Clone Wars,2008
71,Star Wars: (Original Trilogy),Rogue One,2016
72,Star Wars: (Original Trilogy),Solo: A Star Wars Story,2018
73,"Disney (Live-Action  Adaptations, Reimaginings or Remakes)",Rudyard Kipling's The Jungle Book,1994
74,"Disney (Live-Action  Adaptations, Reimaginings or Remakes)",The Jungle Book,2016
75,"Disney (Live-Action  Adaptations, Reimaginings or Remakes)",101 Dalmatians,1996
76,"Disney (Live-Action  Adaptations, Reimaginings or Remakes)",102 Dalmatians,2000
77,"Disney (Live-Action  Adaptations, Reimaginings or Remakes)",Cruella,2021
78,"Disney (Live-Action  Adaptations, Reimaginings or Remakes)",Alice in Wonderland,2010
79,"Disney (Live-Action  Adaptations, Reimaginings or Remakes)",Alice Through the Looking Glass,2016
80,"Disney (Live-Action  Adaptations, Reimaginings or Remakes)",Maleficent,2014
81,"Disney (Live-Action  Adaptations, Reimaginings or Remakes)",Maleficent: Mistress of Evil,2019
82,"Disney (Live-Action  Adaptations, Reimaginings or Remakes)",Oz the Great and Powerful   *,2013
83,"Disney (Live-Action  Adaptations, Reimaginings or Remakes)",Cinderella,2015
84,"Disney (Live-Action  Adaptations, Reimaginings or Remakes)",Pete's Dragon,2016
85,"Disney (Live-Action  Adaptations, Reimaginings or Remakes)",Beauty and the Beast,2017
86,"Disney (Live-Action  Adaptations, Reimaginings or Remakes)",Christopher Robin   *,2018
87,"Disney (Live-Action  Adaptations, Reimaginings or Remakes)",Dumbo,2019
88,"Disney (Live-Action  Adaptations, Reimaginings or Remakes)",Aladdin,2019
89,"Disney (Live-Action  Adaptations, Reimaginings or Remakes)",The Lion King,2019
90,"Disney (Live-Action  Adaptations, Reimaginings or Remakes)",Lady and the Tramp   (Disney+),2019
91,"Disney (Live-Action  Adaptations, Reimaginings or Remakes)",Mulan   (Disney+),2020
92,"Disney (Live-Action  Adaptations, Reimaginings or Remakes)",Cruella,2021
93,"Disney (Live-Action  Adaptations, Reimaginings or Remakes)",Pinocchio,2022
94,"Disney (Live-Action  Adaptations, Reimaginings or Remakes)",Peter Pan and Wendy,2023
95,"Disney (Live-Action  Adaptations, Reimaginings or Remakes)",The Little Mermaid,2023
96,Spider-Man (Marc Webb),Spider-Man,2002
97,Spider-Man (Marc Webb),Spider-Man 2,2004
98,Spider-Man (Marc Webb),Spider-Man 3,2007
99,Spider-Man (Marc Webb),The Amazing Spider-Man,2012
100,Spider-Man (Marc Webb),The Amazing Spider-Man 2,2014
101,Spider-Man (Marc Webb),"Spider-Man:
                            Homecoming",2017
102,Spider-Man (Marc Webb),Spider-Man: Far From Home,2019
103,Spider-Man (Marc Webb),Spider-Man: No Way Home,2021
104,Spider-Man (Marc Webb),Venom,2018
105,Spider-Man (Marc Webb),Venom: Let There Be Carnage,2021
106,Spider-Man (Marc Webb),Morbius,2022
107,Spider-Man (Marc Webb),Spider-Man: Into the Spider-Verse,2018
108,Spider-Man (Marc Webb),Spider-Man: Across the Spider-Verse,2023
109,Spider-Man (Marc Webb),Spider-Man: Beyond the Spider-Verse,2024
110,Fantastic Beasts,Harry Potter and the Sorcerer's Stone,2001
111,Fantastic Beasts,Harry Potter and the Chamber of Secrets,2002
112,Fantastic Beasts,Harry Potter and the Prisoner of Azkaban,2004
113,Fantastic Beasts,Harry Potter and the Goblet of Fire,2005
114,Fantastic Beasts,Harry Potter and the Order of the Phoenix,2007
115,Fantastic Beasts,Harry Potter and the Half-Blood Prince,2009
116,Fantastic Beasts,Harry Potter and the Deathly Hallows - Part 1,2010
117,Fantastic Beasts,Harry Potter and the Deathly Hallows - Part 2,2011
118,Fantastic Beasts,Fantastic Beasts and Where to Find Them,2016
119,Fantastic Beasts,"Fantastic Beasts: The Crimes
                                                of Grindelwald",2018
120,Fantastic Beasts,"Fantastic Beasts: The Secrets
                                                of Dumbledore",2022
121,Batman (Early Films),Batman: The Movie,1966
122,Batman (Early Films),Batman,1989
123,Batman (Early Films),Batman Returns,1992
124,Batman (Early Films),Batman Forever,1995
125,Batman (Early Films),Batman & Robin,1997
126,Batman (Early Films),Batman: Mask of the Phantasm,1993
127,Batman (Early Films),Batman: The Killing Joke,2016
128,Batman (Early Films),The LEGO Batman Movie,2017
129,Batman (Early Films),Batman Begins,2005
130,Batman (Early Films),The Dark Knight,2008
131,Batman (Early Films),The Dark Knight Rises,2012
132,Batman (Early Films),"Batman v Superman: Dawn
        of Justice",2016
133,Batman (Early Films),The Batman,2022
134,DC Extended Universe,Man of Steel,2013
135,DC Extended Universe,"Batman v Superman:
                Dawn of Justice",2016
136,DC Extended Universe,Suicide Squad,2016
137,DC Extended Universe,Wonder Woman,2017
138,DC Extended Universe,Justice League,2017
139,DC Extended Universe,Aquaman,2018
140,DC Extended Universe,Shazam!,2019
141,DC Extended Universe,Birds of Prey,2020
142,DC Extended Universe,Wonder Woman 1984,2020
143,DC Extended Universe,The Suicide Squad,2021
144,DC Extended Universe,Black Adam,2022
145,DC Extended Universe,Shazam! Fury of the Gods,2023
146,DC Extended Universe,The Flash,2023
147,DC Extended Universe,Blue Beetle,2023
148,Avengers,The Avengers,2012
149,Avengers,Avengers: Age of Ultron,2015
150,Avengers,Avengers: Infinity War,2018
151,Avengers,Avengers: Endgame,2019
152,X-Men (Wolverine & Phoenix Spin-Offs),X-Men,2000
153,X-Men (Wolverine & Phoenix Spin-Offs),X2,2003
154,X-Men (Wolverine & Phoenix Spin-Offs),X-Men: The Last Stand,2006
155,X-Men (Wolverine & Phoenix Spin-Offs),X: First Class,2011
156,X-Men (Wolverine & Phoenix Spin-Offs),X-Men: Days of Future Past,2014
157,X-Men (Wolverine & Phoenix Spin-Offs),X-Men: Apocalypse,2016
158,X-Men (Wolverine & Phoenix Spin-Offs),X-Men Origins: Wolverine,2009
159,X-Men (Wolverine & Phoenix Spin-Offs),The Wolverine,2013
160,X-Men (Wolverine & Phoenix Spin-Offs),Logan,2017
161,X-Men (Wolverine & Phoenix Spin-Offs),X-Men Dark Phoenix,2019
162,X-Men (Wolverine & Phoenix Spin-Offs),The New Mutants,2020
163,X-Men (Wolverine & Phoenix Spin-Offs),Deadpool,2016
164,X-Men (Wolverine & Phoenix Spin-Offs),Deadpool 2,2018
165,Non-Canon Films:,Dr. No,1962
166,Non-Canon Films:,From Russia With Love,1963
167,Non-Canon Films:,Goldfinger,1964
168,Non-Canon Films:,Thunderball,1965
169,Non-Canon Films:,You Only Live Twice,1967
170,Non-Canon Films:,On Her Majesty's Secret Service,1969
171,Non-Canon Films:,Diamonds Are Forever,1971
172,Non-Canon Films:,Live and Let Die,1973
173,Non-Canon Films:,The Man with the Golden Gun,1974
174,Non-Canon Films:,The Spy Who Loved Me,1977
175,Non-Canon Films:,Moonraker,1979
176,Non-Canon Films:,For Your Eyes Only,1981
177,Non-Canon Films:,Octopussy,1983
178,Non-Canon Films:,A View to a Kill,1985
179,Non-Canon Films:,The Living Daylights,1987
180,Non-Canon Films:,Licence to Kill,1989
181,Non-Canon Films:,GoldenEye,1995
182,Non-Canon Films:,Tomorrow Never Dies,1997
183,Non-Canon Films:,The World is Not Enough,1999
184,Non-Canon Films:,Die Another Day,2002
185,Non-Canon Films:,Casino Royale,2006
186,Non-Canon Films:,Quantum of Solace,2008
187,Non-Canon Films:,Skyfall,2012
188,Non-Canon Films:,Spectre,2015
189,Non-Canon Films:,No Time to Die,2021
190,Non-Canon Films:,Casino Royale,1967
191,Non-Canon Films:,Never Say Never Again,1983
192,Jurassic Park,Jurassic Park,1993
193,Jurassic Park,The Lost World: Jurassic Park,1997
194,Jurassic Park,Jurassic Park III,2001
195,Jurassic Park,Jurassic World,2015
196,Jurassic Park,Jurassic World: Fallen Kingdom,2018
197,Jurassic Park,Jurassic World Dominion,2022
198,Fast and the Furious,The Fast and the Furious,2001
199,Fast and the Furious,2 Fast 2 Furious,2003
200,Fast and the Furious,The Fast and the Furious: Tokyo Drift,2006
201,Fast and the Furious,Fast & Furious,2009
202,Fast and the Furious,Fast Five,2011
203,Fast and the Furious,Furious 6,2013
204,Fast and the Furious,Fast & Furious 7,2015
205,Fast and the Furious,The Fate of the Furious,2017
206,Fast and the Furious,Fast & Furious Presents: Hobbs & Shaw   (spin-off),2019
207,Fast and the Furious,F9: The Fast Saga,2021
208,Fast and the Furious,Fast X,2023
209,The Hobbit,The Lord of the Rings: The Fellowship of the Ring,2001
210,The Hobbit,The Lord of the Rings: The Two Towers,2002
211,The Hobbit,The Lord of the Rings: The Return of the King,2003
212,The Hobbit,The Hobbit: An Unexpected Journey,2012
213,The Hobbit,The Hobbit: The Desolation of Smaug,2013
214,The Hobbit,The Hobbit: The Battle of the Five Armies,2014
215,Shrek (Original and Sequels),Shrek,2001
216,Shrek (Original and Sequels),Shrek 2,2004
217,Shrek (Original and Sequels),Shrek the Third,2007
218,Shrek (Original and Sequels),Shrek Forever After,2010
219,Shrek (Original and Sequels),Puss in Boots,2011
220,Shrek (Original and Sequels),Puss in Boots: The Last Wish,2022
221,Despicable Me,Despicable Me,2010
222,Despicable Me,Despicable Me 2,2013
223,Despicable Me,Despicable Me 3,2017
224,Despicable Me,Minions,2015
225,Despicable Me,Minions: The Rise of Gru,2022
226,Transformers,Transformers: The Movie,1986
227,Transformers,Transformers,2007
228,Transformers,Transformers: Revenge of the Fallen,2009
229,Transformers,Transformers: Dark of the Moon,2011
230,Transformers,Transformers: Age of Extinction,2014
231,Transformers,Transformers: The Last Knight,2017
232,Transformers,Bumblebee,2018
233,Transformers,Transformers: Rise of the Beasts,2023
234,The Hunger Games,The Hunger Games,2012
235,The Hunger Games,The Hunger Games: Catching Fire,2013
236,The Hunger Games,The Hunger Games: Mockingjay - Part 1,2014
237,The Hunger Games,The Hunger Games: Mockingjay - Part 2,2015
238,The Hunger Games,The Hunger Games: The Ballad of Songbirds & Snakes,2023
239,Pirates of the Caribbean,Pirates of the Caribbean: The Curse of the Black Pearl,2003
240,Pirates of the Caribbean,Pirates of the Caribbean: Dead Man's Chest,2006
241,Pirates of the Caribbean,Pirates of the Caribbean: At World's End,2007
242,Pirates of the Caribbean,Pirates of the Caribbean: On Stranger Tides,2011
243,Pirates of the Caribbean,Pirates of the Caribbean: Dead Men Tell No Tales,2017
244,Star Trek (Next Generation),Star Trek: The Motion Picture,1979
245,Star Trek (Next Generation),Star Trek II: The Wrath of Khan,1982
246,Star Trek (Next Generation),Star Trek III: The Search for Spock,1984
247,Star Trek (Next Generation),Star Trek IV: The Voyage Home,1986
248,Star Trek (Next Generation),"Star Trek V: The Final
                      Frontier",1989
249,Star Trek (Next Generation),"Star Trek VI: The
                            Undiscovered Country",1991
250,Star Trek (Next Generation),Star Trek: Generations,1994
251,Star Trek (Next Generation),"Star Trek: First
                            Contact",1996
252,Star Trek (Next Generation),Star Trek: Insurrection,1998
253,Star Trek (Next Generation),Star Trek Nemesis,2002
254,Star Trek (Next Generation),Star Trek,2009
255,Star Trek (Next Generation),Star Trek Into Darkness,2013
256,Star Trek (Next Generation),"Star
                            Trek Beyond",2016
257,Twilight Saga,Twilight,2008
258,Twilight Saga,The Twilight Saga: New Moon,2009
259,Twilight Saga,The Twilight Saga: Eclipse,2010
260,Twilight Saga,"The Twilight Saga: Breaking Dawn, Part 1",2011
261,Twilight Saga,"The Twilight Saga: Breaking Dawn, Part 2",2012
262,Avatar,Avatar: The Way of Water,2009
263,Avatar,Avatar,2022
264,Mission: Impossible,Mission: Impossible,1996
265,Mission: Impossible,Mission: Impossible II,2000
266,Mission: Impossible,Mission: Impossible III,2006
267,Mission: Impossible,Mission: Impossible - Ghost Protocol,2011
268,Mission: Impossible,Mission: Impossible - Rogue Nation,2015
269,Mission: Impossible,Mission: Impossible - Fallout,2018
270,Mission: Impossible,Mission: Impossible - Dead Reckoning Part One,2023
271,Toy Story,Toy Story,1995
272,Toy Story,Toy Story 2,1999
273,Toy Story,Toy Story 3,2010
274,Toy Story,Toy Story 4,2019
275,The Dark Knight Trilogy,Batman Begins,2005
276,The Dark Knight Trilogy,The Dark Knight,2008
277,The Dark Knight Trilogy,The Dark Knight Rises,2012
278,Black Panther,Black Panther,2018
279,Black Panther,Black Panther: Wakanda Forever,2022
280,Superman (Homage Sequel),Superman,1978
281,Superman (Homage Sequel),Superman II,1981
282,Superman (Homage Sequel),Superman III,1983
283,Superman (Homage Sequel),Superman IV: The Quest for Peace,1987
284,Superman (Homage Sequel),Superman Returns,2006
285,Superman (Homage Sequel),Man of Steel,2013
286,Superman (Homage Sequel),Batman v Superman: Dawn of Justice,2016
287,Indiana Jones,Raiders of the Lost Ark,1981
288,Indiana Jones,Indiana Jones and the Temple of Doom,1984
289,Indiana Jones,Indiana Jones and the Last Crusade,1989
290,Indiana Jones,Indiana Jones and the Kingdom of the Crystal Skull,2008
291,Indiana Jones,Indiana Jones and the Dial of Destiny,2023
292,Guardians of the Galaxy,Guardians of the Galaxy,2014
293,Guardians of the Galaxy,Guardians of the Galaxy Vol. 2,2017
294,Guardians of the Galaxy,Guardians of the Galaxy Vol. 3,2023
295,The Lord of the Rings Trilogy,The Lord of the Rings,1978
296,The Lord of the Rings Trilogy,"The Lord of the Rings:
              The Fellowship of the Ring",2001
297,The Lord of the Rings Trilogy,"The Lord of the Rings:
                The Two Towers",2002
298,The Lord of the Rings Trilogy,"The Lord of the Rings:
                    The Return of the King",2003
299,Thor,Thor,2011
300,Thor,Thor: The Dark World,2013
301,Thor,Thor: Ragnarok,2017
302,Thor,Thor: Love and Thunder,2022
303,Iron Man,Iron Man,2008
304,Iron Man,Iron Man 2,2010
305,Iron Man,Iron Man Three,2013
306,Rocky (Original),Rocky,1976
307,Rocky (Original),Rocky II,1979
308,Rocky (Original),Rocky III,1982
309,Rocky (Original),Rocky IV,1985
310,Rocky (Original),Rocky V,1990
311,Rocky (Original),Rocky Balboa,2006
312,Rocky (Original),Creed,2015
313,Rocky (Original),Creed II,2018
314,Rocky (Original),Creed III,2023
315,Top Gun,Top Gun,1986
316,Top Gun,Top Gun: Maverick,2022
317,Frozen,Frozen,2013
318,Frozen,Frozen II,2019
319,The Incredibles,The Incredibles,2004
320,The Incredibles,Incredibles 2,2018
321,Captain America,Captain America: The First Avenger,2011
322,Captain America,Captain America: The Winter Soldier,2014
323,Captain America,Captain America: Civil War,2016
324,Finding Nemo,Finding Nemo,2003
325,Finding Nemo,Finding Dory,2016
326,The Conjuring Universe,The Conjuring,2013
327,The Conjuring Universe,The Conjuring 2   (aka The Enfield Poltergeist),2016
328,The Conjuring Universe,The Conjuring: The Devil Made Me Do It,2021
329,The Conjuring Universe,Annabelle,2014
330,The Conjuring Universe,Annabelle: Creation,2017
331,The Conjuring Universe,Annabelle Comes Home,2019
332,The Conjuring Universe,The Nun,2018
333,The Conjuring Universe,The Nun II,2023
334,The Conjuring Universe,The Curse of La Llorona,2019
335,Jumanji,Jumanji,1995
336,Jumanji,Jumanji: Welcome to the Jungle,2017
337,Jumanji,Jumanji: The Next Level,2019
338,The Hobbit,"The
            Hobbit: An Unexpected Journey",2012
339,The Hobbit,"The Hobbit: The Desolation
                    of Smaug",2013
340,The Hobbit,"The Hobbit:
                              The Battle of the Five Armies",2014
341,Bourne,The Bourne Identity,2002
342,Bourne,The Bourne Supremacy,2004
343,Bourne,The Bourne Ultimatum,2007
344,Bourne,The Bourne Legacy,2012
345,Bourne,Jason Bourne,2016
346,Planet of the Apes (Remake),Planet of the Apes,1968
347,Planet of the Apes (Remake),Beneath the Planet of the Apes,1970
348,Planet of the Apes (Remake),"Escape from the Planet
                  of the Apes",1971
349,Planet of the Apes (Remake),"Conquest of the Planet
                        of the Apes",1972
350,Planet of the Apes (Remake),"Battle for the
                            Planet of the Apes",1973
351,Planet of the Apes (Remake),"Planet
                                  of the Apes",2001
352,Planet of the Apes (Remake),"Rise
                                        of the Planet of the Apes",2011
353,Planet of the Apes (Remake),"Dawn
                                              of the Planet of the Apes",2014
354,Planet of the Apes (Remake),"War
                                              for the Planet of the Apes",2017
355,Ice Age,Ice Age,2002
356,Ice Age,Ice Age: The Meltdown,2006
357,Ice Age,Ice Age 3: Dawn of the Dinosaurs,2009
358,Ice Age,Ice Age: Continental Drift,2012
359,Ice Age,Ice Age: Collision Course,2016
360,Star Wars: (Anthology Films and Spin-Offs),Star Wars: The Clone Wars,2008
361,Star Wars: (Anthology Films and Spin-Offs),Rogue One: A Star Wars Story,2016
362,Star Wars: (Anthology Films and Spin-Offs),Solo: A Star Wars Story,2018
363,Minions,Minions,2015
364,Minions,Minions: The Rise of Gru,2022
365,Teenage Mutant Ninja Turtles,Teenage Mutant Ninja Turtles,1990
366,Teenage Mutant Ninja Turtles,Teenage Mutant Ninja Turtles II,1991
367,Teenage Mutant Ninja Turtles,Teenage Mutant Ninja Turtles III,1993
368,Teenage Mutant Ninja Turtles,TMNT,2007
369,Teenage Mutant Ninja Turtles,Teenage Mutant Ninja Turtles,2014
370,Teenage Mutant Ninja Turtles,Teenage Mutant Ninja Turtles: Out of the Shadows,2016
371,Teenage Mutant Ninja Turtles,Teenage Mutant Ninja Turtles: Mutant Mayhem,2023
372,Men in Black,Men in Black,1997
373,Men in Black,Men in Black II,2002
374,Men in Black,Men in BlackÂ³,2012
375,Men in Black,Men in Black: International,2019
376,Deadpool,Deadpool,2016
377,Deadpool,Deadpool,2018
378,Madagascar,Madagascar,2005
379,Madagascar,Madagascar: Escape 2 Africa,2008
380,Madagascar,Madagascar 3: Europe's Most Wanted,2012
381,Madagascar,Penguins of Madagascar,2014
382,The Terminator (Original),The Terminator,1984
383,The Terminator (Original),Terminator 2: Judgment Day,1991
384,The Terminator (Original),Terminator 3: Rise of the Machines,2003
385,The Terminator (Original),Terminator Salvation,2009
386,The Terminator (Original),Terminator: Dark Fate,2019
387,The Terminator (Original),Terminator: Genisys,2015
388,Alvin and the Chipmunks,The Chipmunk Adventure,1987
389,Alvin and the Chipmunks,Alvin and the Chipmunks,2007
390,Alvin and the Chipmunks,Alvin and the Chipmunks 2: The Squeakquel,2009
391,Alvin and the Chipmunks,Alvin and the Chipmunks: Chipwrecked,2011
392,Alvin and the Chipmunks,Alvin and the Chipmunks: The Road Chip,2015
393,Doctor Strange,Doctor Strange,2016
394,Doctor Strange,Doctor Strange in the Multiverse of Madness,2022
395,The Hangover,The Hangover,2009
396,The Hangover,The Hangover Part II,2011
397,The Hangover,The Hangover Part III,2013
398,The Matrix,The Matrix,1999
399,The Matrix,The Matrix Reloaded,2003
400,The Matrix,The Matrix Revolutions,2003
401,The Matrix,The Matrix Resurrections,2021
402,Halloween,Halloween,1978
403,Halloween,Halloween II,1981
404,Halloween,Halloween III: Season of the Witch,1982
405,Halloween,"Halloween 4: The Return of Michael
                Myers",1988
406,Halloween,"Halloween 5: The Revenge
                      of Michael Myers",1989
407,Halloween,"Halloween 6: The
                            Curse of Michael Myers",1995
408,Halloween,"Halloween
                                  H20: Twenty Years Later",1998
409,Halloween,"Halloween:
                                        Resurrection",2002
410,Halloween,Halloween,2007
411,Halloween,"Halloween
                                              II",2009
412,Halloween,Halloween,2018
413,Halloween,Halloween Kills,2021
414,Halloween,Halloween Ends,2022
415,Ant-Man,Ant-Man,2015
416,Ant-Man,Ant-Man and the Wasp,2018
417,Ant-Man,Ant-Man and the Wasp: Quantumania,2023
418,LEGO,The LEGO Movie,2014
419,LEGO,The LEGO Batman Movie,2017
420,LEGO,The LEGO Ninjago Movie,2017
421,LEGO,The LEGO Movie 2: The Second Part,2019
422,The Fockers,Meet the Parents,2000
423,The Fockers,Meet the Fockers,2004
424,The Fockers,Little Fockers,2010
425,Alien (Prequel),Alien,1979
426,Alien (Prequel),Aliens,1986
427,Alien (Prequel),Alien 3,1992
428,Alien (Prequel),Alien Resurrection,1997
429,Alien (Prequel),Prometheus,2012
430,Alien (Prequel),Alien: Covenant,2017
431,Alien (Prequel),Alien Vs. Predator,2004
432,Alien (Prequel),Aliens Vs. Predator - Requiem,2007
433,Cars,Cars,2006
434,Cars,Cars 2,2011
435,Cars,Cars 3,2017
436,(Monsterverse*) Godzilla and King Kong,Godzilla,1998
437,(Monsterverse*) Godzilla and King Kong,Godzilla 2000: Millennium,2000
438,(Monsterverse*) Godzilla and King Kong,Godzilla,2014
439,(Monsterverse*) Godzilla and King Kong,Godzilla: King of the Monsters,2019
440,(Monsterverse*) Godzilla and King Kong,King Kong,1933
441,(Monsterverse*) Godzilla and King Kong,King Kong,1976
442,(Monsterverse*) Godzilla and King Kong,King Kong Lives,1986
443,(Monsterverse*) Godzilla and King Kong,King Kong,2005
444,(Monsterverse*) Godzilla and King Kong,Kong: Skull Island,2017
445,(Monsterverse*) Godzilla and King Kong,Godzilla vs. Kong  *,2021
446,Madea (Tyler Perry),Diary of a Mad Black Woman,2005
447,Madea (Tyler Perry),Madea's Family Reunion,2006
448,Madea (Tyler Perry),Madea Goes to Jail,2009
449,Madea (Tyler Perry),Madea's Big Happy Family,2011
450,Madea (Tyler Perry),Madea's Witness Protection,2012
451,Madea (Tyler Perry),A Madea Christmas,2013
452,Madea (Tyler Perry),Boo! A Madea Halloween,2016
453,Madea (Tyler Perry),Boo2! A Madea Halloween,2017
454,Madea (Tyler Perry),A Madea Family Funeral,2019
455,Madea (Tyler Perry),I Can Do Bad All By Myself,2009
456,Ocean's Eleven,Ocean's Eleven,2001
457,Ocean's Eleven,Ocean's Twelve,2004
458,Ocean's Eleven,Ocean's Thirteen,2007
459,Ocean's Eleven,Ocean's 8,2018
460,How to Train Your Dragon,How to Train Your Dragon,2010
461,How to Train Your Dragon,How to Train Your Dragon 2,2014
462,How to Train Your Dragon,How to Train Your Dragon: The Hidden World,2019
463,The Mummy (Spin-Offs),The Mummy,1999
464,The Mummy (Spin-Offs),The Mummy Returns,2001
465,The Mummy (Spin-Offs),The Mummy: Tomb of the Dragon Emperor,2008
466,The Mummy (Spin-Offs),The Scorpion King,2002
467,Night at the Museum,Night at the Museum,2006
468,Night at the Museum,Night at the Museum: Battle of the Smithsonian,2009
469,Night at the Museum,Night at the Museum: Secret of the Tomb,2014
470,It,It,2017
471,It,It Chapter Two,2019
472,Wolverine,X-Men Origins: Wolverine,2009
473,Wolverine,The Wolverine,2013
474,Wolverine,Logan,2017
475,Chronicles of Narnia,"The Lion, The Witch, and the Wardrobe",2005
476,Chronicles of Narnia,"The Chronicles of Narnia:
            Prince Caspian",2008
477,Chronicles of Narnia,"The Chronicles of Narnia:
                  The Voyage of the Dawn Treader",2010
478,Planet of the Apes (Reboot) (2011-2017),Rise of the Planet of the Apes,2011
479,Planet of the Apes (Reboot) (2011-2017),"Dawn of the
                Planet of the Apes",2014
480,Planet of the Apes (Reboot) (2011-2017),"War for the Planet of the
                Apes",2017
481,Saw,Saw,2004
482,Saw,Saw II,2005
483,Saw,Saw III,2006
484,Saw,Saw IV,2007
485,Saw,Saw V,2008
486,Saw,Saw VI,2009
487,Saw,Saw 3D: The Final Chapter,2010
488,Saw,Jigsaw,2017
489,Saw,Spiral,2021
490,Saw,Saw X,2023
491,The Secret Life of Pets,The Secret Life of Pets,2016
492,The Secret Life of Pets,The Secret Life of Pets 2,2019
493,Kung Fu Panda,Kung Fu Panda,2008
494,Kung Fu Panda,Kung Fu Panda 2,2011
495,Kung Fu Panda,Kung Fu Panda 3,2016
496,Rush Hour,Rush Hour,1998
497,Rush Hour,Rush Hour 2,2001
498,Rush Hour,Rush Hour 3,2007
499,Die Hard,Die Hard,1988
500,Die Hard,Die Hard 2: Die Harder,1990
501,Die Hard,Die Hard With a Vengeance,1995
502,Die Hard,Live Free or Die Hard,2007
503,Die Hard,A Good Day to Die Hard,2013
504,Jack Ryan,The Hunt for Red October,1990
505,Jack Ryan,Patriot Games,1992
506,Jack Ryan,Clear and Present Danger,1994
507,Jack Ryan,The Sum of All Fears,2002
508,Jack Ryan,Jack Ryan: Shadow Recruit,2014
509,John Wick,John Wick,2014
510,John Wick,John Wick: Chapter 2,2017
511,John Wick,John Wick: Chapter 3 - Parabellum,2019
512,John Wick,John Wick: Chapter 4,2023
513,Home Alone,Home Alone,1990
514,Home Alone,Home Alone 2: Lost in New York,1992
515,Home Alone,Home Alone 3,1997
516,Lethal Weapon,Lethal Weapon,1987
517,Lethal Weapon,Lethal Weapon 2,1989
518,Lethal Weapon,Lethal Weapon 3,1992
519,Lethal Weapon,Lethal Weapon 4,1998
520,Hotel Transylvania,Hotel Transylvania,2012
521,Hotel Transylvania,Hotel Transylvania 2,2015
522,Hotel Transylvania,Hotel Transylvania 3: Summer Vacation,2018
523,Austin Powers Trilogy,"Austin Powers: International Man
          of Mystery",1997
524,Austin Powers Trilogy,"Austin Powers: The Spy Who
                Shagged Me",1999
525,Austin Powers Trilogy,Austin Powers in Goldmember,2002
526,Ghostbusters,Ghostbusters,1984
527,Ghostbusters,Ghostbusters II,1989
528,Ghostbusters,Ghostbusters,2016
529,Scary Movie,Scary Movie,2000
530,Scary Movie,Scary Movie 2,2001
531,Scary Movie,Scary Movie 3,2003
532,Scary Movie,Scary Movie 4,2006
533,Scary Movie,Scary Movie 5,2013
534,Wonder Woman,Wonder Woman,2017
535,Wonder Woman,Wonder Woman 1984,2020
536,Sing,Sing,2016
537,Sing,Sing 2,2021
538,Beverly Hills Cop,Beverly Hills Cop,1984
539,Beverly Hills Cop,Beverly Hills Cop II,1987
540,Beverly Hills Cop,Beverly Hills Cop III,1994
541,The Karate Kid,The Karate Kid,1984
542,The Karate Kid,The Karate Kid Part II,1986
543,The Karate Kid,The Karate Kid Part III,1989
544,The Karate Kid,The Next Karate Kid,1994
545,The Karate Kid,The Karate Kid,2010
546,Hannibal Lecter,Manhunter,1986
547,Hannibal Lecter,The Silence of the Lambs,1991
548,Hannibal Lecter,Hannibal,2001
549,Hannibal Lecter,Red Dragon,2002
550,Hannibal Lecter,Hannibal Rising,2007
551,Back to the Future,Back to the Future,1985
552,Back to the Future,Back to the Future Part II,1989
553,Back to the Future,"Back to the Future Part
                  III",1990
554,Scream,Scream,1996
555,Scream,Scream 2,1997
556,Scream,Scream 3,2000
557,Scream,Scream 4,2011
558,Scream,Scream,2022
559,Scream,Scream VI,2023
560,Bad Boys,Bad Boys,1995
561,Bad Boys,Bad Boys II,2003
562,Bad Boys,Bad Boys for Life,2020
563,American Pie,American Pie,1999
564,American Pie,American Pie 2,2001
565,American Pie,American Wedding,2003
566,American Pie,American Reunion,2012
567,Jaws,Jaws,1975
568,Jaws,Jaws 2,1978
569,Jaws,Jaws 3-D,1983
570,Jaws,Jaws: The Revenge   (aka Jaws 4),1987
571,Paranormal Activity,Paranormal Activity,2007
572,Paranormal Activity,Paranormal Activity 2,2010
573,Paranormal Activity,Paranormal Activity 3,2011
574,Paranormal Activity,Paranormal Activity 4,2012
575,Paranormal Activity,Paranormal Activity: The Marked Ones,2014
576,Paranormal Activity,Paranormal Activity: The Ghost Dimension,2015
577,The Exorcist,The Exorcist,1973
578,The Exorcist,Exorcist II: The Heretic,1977
579,The Exorcist,The Exorcist III,1990
580,The Exorcist,The Exorcist (Dir. Cut),2000
581,The Exorcist,Exorcist: The Beginning   (aka Exorcist IV),2004
582,The Exorcist,Dominion: Prequel to The Exorcist,2005
583,The Exorcist,The Exorcist: Believer,2023
584,National Treasure,National Treasure,2004
585,National Treasure,National Treasure: Book of Secrets,2007
586,Robert Langdon (or DaVinci Code),The Da Vinci Code,2006
587,Robert Langdon (or DaVinci Code),Angels & Demons,2009
588,Robert Langdon (or DaVinci Code),Inferno,2016
589,Fifty Shades,Fifty Shades of Grey,2015
590,Fifty Shades,Fifty Shades Darker,2017
591,Fifty Shades,Fifty Shades Freed,2018
592,Suicide Squad,Suicide Squad,2016
593,Suicide Squad,The Suicide Squad,2021
594,Friday the 13th,Friday the 13th,1980
595,Friday the 13th,"Friday the 13th, Part 2",1981
596,Friday the 13th,"Friday the 13th, Part 3",1982
597,Friday the 13th,"Friday the 13th, The Final Chapter",1984
598,Friday the 13th,Friday the 13th - A New Beginning,1985
599,Friday the 13th,"Jason Lives - Friday
                            the 13th, Part VI",1986
600,Friday the 13th,"Friday the
                                  13th, Part VII - The New Blood",1988
601,Friday the 13th,"Friday the
                                  13th, Part VIII - Jason Takes Manhattan",1989
602,Friday the 13th,"Jason Goes
                                  to Hell - The Final Friday",1993
603,Friday the 13th,"Jason
                                        X   (aka Friday the 13th, Part 10)",2001
604,Friday the 13th,"Freddy
                                        vs. Jason   (aka Friday the 13th,
                                        Part 11)",2003
605,Friday the 13th,"Friday
                                        the 13th   (aka Friday the 13th,
                                        Part 12)",2009
606,Taken,Taken,2009
607,Taken,Taken 2,2012
608,Taken,Taken 3,2015
609,A Nightmare on Elm Street,A Nightmare on Elm Street,1984
610,A Nightmare on Elm Street,"A Nightmare on Elm Street 2: Freddy's
          Revenge",1985
611,A Nightmare on Elm Street,"A Nightmare on Elm Street 3:
                Dream Warriors",1987
612,A Nightmare on Elm Street,"A Nightmare on Elm Street
                      4: The Dream Master",1988
613,A Nightmare on Elm Street,"A Nightmare on Elm Street
                      5: The Dream Child",1989
614,A Nightmare on Elm Street,"Freddy's Dead: The Final
                      Nightmare",1991
615,A Nightmare on Elm Street,Wes Craven's New Nightmare,1994
616,A Nightmare on Elm Street,Freddy vs. Jason,2003
617,A Nightmare on Elm Street,A Nightmare on Elm Street,2010
618,The Santa Clause,The Santa Clause,1994
619,The Santa Clause,The Santa Clause 2,2002
620,The Santa Clause,The Santa Clause 3: The Escape Clause,2006
621,Jackass,Jackass: The Movie,2002
622,Jackass,Jackass: Number Two,2006
623,Jackass,Jackass 3-D,2010
624,Jackass,Jackass Presents: Bad Grandpa,2013
625,Pitch Perfect,Pitch Perfect,2012
626,Pitch Perfect,Pitch Perfect 2,2015
627,Pitch Perfect,Pitch Perfect 3,2017
628,Spy Kids,Spy Kids,2001
629,Spy Kids,Spy Kids 2: The Island of Lost Dreams,2002
630,Spy Kids,Spy Kids 3D: Game Over,2003
631,Spy Kids,Spy Kids: All the Time in the World   (aka Spy Kids 4),2011
632,Divergent,Divergent,2014
633,Divergent,Insurgent,2015
634,Divergent,Allegiant,2016
635,Unbreakable,Unbreakable,2000
636,Unbreakable,Split,2016
637,Unbreakable,Glass,2019
638,Fantastic Four,Fantastic Four,2005
639,Fantastic Four,Fantastic Four: Rise of the Silver Surfer,2007
640,Fantastic Four,Fantastic Four,2015
641,The Muppets,The Muppet Movie,1979
642,The Muppets,The Great Muppet Caper,1981
643,The Muppets,The Muppets Take Manhattan,1984
644,The Muppets,The Muppet Christmas Carol,1992
645,The Muppets,Muppet Treasure Island,1996
646,The Muppets,Muppets from Space,1999
647,The Muppets,The Muppets,2011
648,The Muppets,Muppets Most Wanted,2014
649,Rambo,First Blood,1982
650,Rambo,Rambo: First Blood Part II,1985
651,Rambo,Rambo III,1988
652,Rambo,Rambo,2008
653,Rambo,Rambo: Last Blood,2019
654,21 Jump Street,21 Jump Street,2012
655,21 Jump Street,22 Jump Street,2014
656,The Purge,The Purge,2013
657,The Purge,The Purge: Anarchy,2014
658,The Purge,The Purge: Election Year   (aka The Purge 3),2016
659,The Purge,The First Purge,2018
660,The Purge,The Forever Purge,2021
661,Insidious,Insidious,2010
662,Insidious,Insidious: Chapter 2,2013
663,Insidious,Insidious: Chapter 3,2015
664,Insidious,Insidious: The Last Key,2018
665,Insidious,Insidious: The Red Door,2023
666,Predator,Predator,1987
667,Predator,Predator 2,1990
668,Predator,Predators,2010
669,Predator,The Predator,2018
670,Predator,Prey,2022
671,Predator,Alien Vs. Predator,2004
672,Predator,Alien Vs. Predator: Requiem,2007
673,Crocodile Dundee,Crocodile Dundee,1986
674,Crocodile Dundee,Crocodile Dundee II,1988
675,Crocodile Dundee,Crocodile Dundee in Los Angeles,2001
676,The Conjuring,The Conjuring,2013
677,The Conjuring,The Conjuring 2   (aka The Enfield Poltergeist),2016
678,The Conjuring,The Conjuring: The Devil Made Me Do It,2021
679,My Big Fat Greek Wedding,My Big Fat Greek Wedding,2002
680,My Big Fat Greek Wedding,My Big Fat Greek Wedding 2,2016
681,G.I. Joe,G.I. Joe: The Rise of Cobra,2009
682,G.I. Joe,G.I. Joe: Retaliation,2013
683,G.I. Joe,Snake Eyes: G.I. Joe Origins,2021
684,The Wizard of Oz,The Wizard of Oz,1939
685,The Wizard of Oz,The Wiz,1978
686,The Wizard of Oz,Return to Oz,1985
687,The Wizard of Oz,Oz the Great and Powerful,2015
688,The Equalizer,The Equalizer,2014
689,The Equalizer,The Equalizer 2,2018
690,The Equalizer,The Equalizer 3,2023
691,Pokemon,Pokemon: The First Movie,1999
692,Pokemon,Pokemon: The Movie 2000,2000
693,Pokemon,Pokemon 3: The Movie,2001
694,Pokemon,Pokemon 4Ever,2002
695,Pokemon,Pokemon Heroes,2003
696,Pokemon,Pokemon Detective Pikachu,2019
697,The Pink Panther,The Pink Panther,1963
698,The Pink Panther,A Shot in the Dark,1964
699,The Pink Panther,Return of the Pink Panther,1975
700,The Pink Panther,The Pink Panther Strikes Again,1976
701,The Pink Panther,Revenge of the Pink Panther,1978
702,The Pink Panther,Trail of the Pink Panther,1982
703,The Pink Panther,Curse of the Pink Panther,1983
704,The Pink Panther,Son of the Pink Panther,1993
705,The Pink Panther,The Pink Panther,2006
706,The Pink Panther,The Pink Panther 2,2009
707,Vacation Vacation (Original),(National Lampoon's) Vacation,1983
708,Vacation Vacation (Original),(National Lampoon's) European Vacation,1985
709,Vacation Vacation (Original),(National Lampoon's) Christmas Vacation,1989
710,Vacation Vacation (Original),Vegas Vacation,1997
711,Vacation Vacation (Original),Vacation,2015
712,Resident Evil,Resident Evil,2002
713,Resident Evil,Resident Evil: Apocalypse,2004
714,Resident Evil,Resident Evil: Extinction,2007
715,Resident Evil,Resident Evil: Afterlife,2010
716,Resident Evil,Resident Evil: Retribution,2012
717,Resident Evil,Resident Evil: The Final Chapter,2017
718,The Smurfs,The Smurfs and the Magic Flute,1983
719,The Smurfs,The Smurfs,2011
720,The Smurfs,The Smurfs 2,2013
721,The Smurfs,Smurfs: The Lost Village,2017
722,The Hulk,Hulk,2003
723,The Hulk,The Incredible Hulk,2008
724,Kingsman Franchise,Kingsman: The Secret Service,2015
725,Kingsman Franchise,Kingsman: The Golden Circle,2017
726,Kingsman Franchise,The King'sman,2021
727,Mamma Mia!,Mamma Mia!,2008
728,Mamma Mia!,Mamma Mia! Here We Go Again,2018
729,Final Destination,Final Destination,2000
730,Final Destination,Final Destination 2,2003
731,Final Destination,Final Destination 3,2006
732,Final Destination,The Final Destination,2009
733,Final Destination,Final Destination 5,2011
734,Mary Poppins,Mary Poppins,1964
735,Mary Poppins,Mary Poppins Returns,2018
736,Annabelle,Annabelle,2014
737,Annabelle,Annabelle: Creation,2017
738,Annabelle,Annabelle Comes Home,2019
739,SpongeBob,The SpongeBob SquarePants Movie,2004
740,SpongeBob,The SpongeBob Movie: Sponge Out of Water,2015
741,SpongeBob,The SpongeBob Movie: Sponge on the Run,2020
742,Underworld,Underworld,2003
743,Underworld,Underworld: Evolution,2006
744,Underworld,Underworld: Rise of the Lycans,2009
745,Underworld,Underworld Awakening,2012
746,Underworld,Underworld: Blood Wars,2017
747,The Godfather,The Godfather,1972
748,The Godfather,The Godfather Part II,1974
749,The Godfather,The Godfather Part III,1990
750,The Expendables,The Expendables,2010
751,The Expendables,The Expendables 2,2012
752,The Expendables,The Expendables 3,2014
753,The Expendables,Expend4bles,2023
754,Maze Runner,The Maze Runner,2014
755,Maze Runner,Maze Runner: The Scorch Trials,2015
756,Maze Runner,Maze Runner: The Death Cure,2018
757,Scooby-Doo,Scooby-Doo,2002
758,Scooby-Doo,Scooby-Doo 2: Monsters Unleashed,2004
759,Scooby-Doo,Scoob!,2021
760,Dumb and Dumber,Dumb & Dumber,1994
761,Dumb and Dumber,Dumb and Dumberer: When Harry Met Lloyd,2003
762,Dumb and Dumber,Dumb and Dumber To,2014
763,Police Academy,Police Academy,1984
764,Police Academy,Police Academy 2: Their First Assignment,1985
765,Police Academy,Police Academy 3: Back in Training,1986
766,Police Academy,Police Academy 4: Citizens on Patrol,1987
767,Police Academy,Police Academy 5: Assignment: Miami Beach,1988
768,Police Academy,Police Academy 6: City Under Siege,1989
769,Police Academy,Police Academy: Mission to Moscow,1994
770,Ring (US) Ring,The Ring,2002
771,Ring (US) Ring,The Ring Two,2005
772,Ring (US) Ring,Rings,2017
773,Barbershop,Barbershop,2002
774,Barbershop,Barbershop 2: Back in Business,2004
775,Barbershop,Barbershop: The Next Cut,2016
776,Barbershop,Beauty Shop,2005
777,Trolls,Trolls,2016
778,Trolls,Trolls World Tour,2020
779,Trolls,Trolls Band Together,2023
780,Fallen,Olympus Has Fallen,2013
781,Fallen,London Has Fallen,2016
782,Fallen,Angel Has Fallen,2019
783,Dirty Harry,Dirty Harry,1971
784,Dirty Harry,Magnum Force,1973
785,Dirty Harry,The Enforcer,1976
786,Dirty Harry,Sudden Impact,1983
787,Dirty Harry,The Dead Pool,1988
788,Big Momma,Big Momma's House,2000
789,Big Momma,Big Momma's House 2,2006
790,Big Momma,"Big Mommas: Like Father, Like Son",2011
791,Billy Jack,The Born Losers,1967
792,Billy Jack,Billy Jack,1971
793,Billy Jack,The Trial of Billy Jack,1974
794,Billy Jack,Billy Jack Goes to Washington,1977
795,Billy Jack,The Return of Billy Jack   (unreleased and unfinished),1986
796,Mad Max Mad Max (Original),Mad Max,1979
797,Mad Max Mad Max (Original),"Mad Max 2 (1981, Australia) (aka The Road Warrior  )",1982
798,Mad Max Mad Max (Original),Mad Max Beyond Thunderdome,1985
799,Mad Max Mad Max (Original),Mad Max: Fury Road,2015
800,The Naked Gun,The Naked Gun: From the Files of Police Squad!,1988
801,The Naked Gun,The Naked Gun 2 1/2: The Smell of Fear,1991
802,The Naked Gun,The Naked Gun 33 1/3: The Final Insult,1994
803,Rugrats,The Rugrats Movie,1998
804,Rugrats,Rugrats in Paris: The Movie,2000
805,Rugrats,Rugrats Go Wild,2003
806,Step Up,Step Up,2006
807,Step Up,Step Up 2 the Streets,2008
808,Step Up,Step Up 3-D,2010
809,Step Up,Step Up Revolution,2012
810,Step Up,Step Up All In,2014
811,xXx Trilogy,XXX,2002
812,xXx Trilogy,XXX: State of the Union,2005
813,xXx Trilogy,xXx: The Return of Xander Cage,2017
814,Winnie the Pooh,The Many Adventures of Winnie the Pooh,1977
815,Winnie the Pooh,The Tigger Movie,2000
816,Winnie the Pooh,Piglet's Big Movie,2003
817,Winnie the Pooh,Pooh's Heffalump Movie,2005
818,Winnie the Pooh,Winnie the Pooh,2011
819,Winnie the Pooh,Disney's Christopher Robin,2018
820,Magic Mike,Magic Mike,2012
821,Magic Mike,Magic Mike XXL,2015
822,Magic Mike,Magic Mike's Last Dance,2023
823,Blade,Blade,1998
824,Blade,Blade II,2002
825,Blade,Blade: Trinity,2004
826,Herbie the Love Bug,The Love Bug,1969
827,Herbie the Love Bug,Herbie Rides Again,1974
828,Herbie the Love Bug,Herbie Goes to Monte Carlo,1977
829,Herbie the Love Bug,Herbie Goes Bananas,1980
830,Herbie the Love Bug,Herbie: Fully Loaded,2005
831,Herbie the Love Bug,The Love Bug,1997
832,Texas Chainsaw Massacre,The Texas Chain Saw Massacre,1974
833,Texas Chainsaw Massacre,The Texas Chainsaw Massacre 2,1986
834,Texas Chainsaw Massacre,Leatherface: Texas Chainsaw Massacre III,1990
835,Texas Chainsaw Massacre,"Return of the Texas Chainsaw Massacre   (aka Texas Chainsaw
            Massacre: The Next Generation)",1994
836,Texas Chainsaw Massacre,The Texas Chainsaw Massacre,2003
837,Texas Chainsaw Massacre,The Texas Chainsaw Massacre: The Beginning,2006
838,Texas Chainsaw Massacre,Texas Chainsaw 3-D,2013
839,Texas Chainsaw Massacre,Leatherface,2017
840,Texas Chainsaw Massacre,Texas Chainsaw Massacre,2022
841,Smokey and the Bandit,Smokey and the Bandit,1977
842,Smokey and the Bandit,Smokey and the Bandit II,1980
843,Smokey and the Bandit,Smokey and the Bandit Part 3,1983
844,Look Who's Talking,Look Who's Talking,1989
845,Look Who's Talking,Look Who's Talking Too,1990
846,Look Who's Talking,Look Who's Talking Now,1993
847,Shazam!,Shazam!,2019
848,Shazam!,Shazam! Fury of the Gods,2023
849,Garry Marshall's Holiday-Themed Series,Valentine's Day,2010
850,Garry Marshall's Holiday-Themed Series,New Year's Eve,2011
851,Garry Marshall's Holiday-Themed Series,Mother's Day,2016
852,Agatha Christie,Murder on the Orient Express,2017
853,Agatha Christie,Death on the Nile,2022
854,Agatha Christie,A Haunting in Venice,2023
855,Airport,Airport,1970
856,Airport,Airport 1975,1974
857,Airport,Airport '77,1977
858,Airport,The Concorde...Airport '79,1979
859,Blair Witch,The Blair Witch Project,1999
860,Blair Witch,Book of Shadows: Blair Witch 2,2000
861,Blair Witch,Blair Witch,2016
862,Legally Blonde,Legally Blonde,2001
863,Legally Blonde,"Legally Blonde 2: Red, White & Blonde",2003
864,Legally Blonde,Legally Blondes,2009
865,Diary of a Wimpy Kid,Diary of a Wimpy Kid,2010
866,Diary of a Wimpy Kid,Diary of a Wimpy Kid: Rodrick Rules,2011
867,Diary of a Wimpy Kid,Diary of a Wimpy Kid: Dog Days,2012
868,Diary of a Wimpy Kid,Diary of a Wimpy Kid: The Long Haul,2017
869,Ace Ventura,Ace Ventura: Pet Detective,1994
870,Ace Ventura,Ace Ventura: When Nature Calls,1995
871,Poltergeist,Poltergeist,1982
872,Poltergeist,Poltergeist II: The Other Side,1986
873,Poltergeist,Poltergeist III,1988
874,Poltergeist,Poltergeist,2015
875,Grudge,The Grudge,2004
876,Grudge,The Grudge 2,2006
877,Grudge,The Grudge 3,2009
878,Grudge,The Grudge,2020
879,Amityville Amityville (Original),The Amityville Horror,1979
880,Amityville Amityville (Original),Amityville II: The Possession,1982
881,Amityville Amityville (Original),Amityville 3-D,1983
882,Amityville Amityville (Original),The Amityville Horror,2005
883,Amityville Amityville (Original),Amityville: The Awakening,2017
884,RoboCop RoboCop Trilogy,RoboCop,1987
885,RoboCop RoboCop Trilogy,Robocop 2,1990
886,RoboCop RoboCop Trilogy,RoboCop 3,1993
887,RoboCop RoboCop Trilogy,RoboCop,2014
888,Porky's,Porky's,1982
889,Porky's,Porky's II: The Next Day,1983
890,Porky's,Porky's Revenge   (aka Porky's 3),1985
891,Cheech & Chong,Cheech & Chong's Up in Smoke,1978
892,Cheech & Chong,Cheech and Chong's Next Movie,1980
893,Cheech & Chong,Nice Dreams,1981
894,Cheech & Chong,Things Are Tough All Over,1982
895,Cheech & Chong,Still Smokin,1983
896,Cheech & Chong,Cheech & Chong's The Corsican Brothers,1984
897,The Omen The Omen (Original),The Omen,1976
898,The Omen The Omen (Original),Damien: Omen II,1978
899,The Omen The Omen (Original),The Final Conflict   (aka Omen III),1981
900,The Omen The Omen (Original),The Omen,2006
901,The Omen The Omen (Original),Omen IV: The Awakening,1991
902,Alex Cross,Kiss the Girls,1997
903,Alex Cross,Along Came a Spider,2001
904,Alex Cross,Alex Cross,2012
905,Hellboy,Hellboy,2004
906,Hellboy,Hellboy II: The Golden Army,2008
907,Hellboy,Hellboy,2019
908,Child's Play (aka Chucky),Child's Play,1988
909,Child's Play (aka Chucky),Child's Play 2,1990
910,Child's Play (aka Chucky),Child's Play 3,1991
911,Child's Play (aka Chucky),Bride of Chucky,1998
912,Child's Play (aka Chucky),Seed of Chucky,2004
913,Child's Play (aka Chucky),Child's Play,2019
914,Mortal Kombat,Mortal Kombat,1995
915,Mortal Kombat,Mortal Kombat: Annihilation,1997
916,Mortal Kombat,Mortal Kombat,2021
917,Evil Dead (Reboot),The Evil Dead,1981
918,Evil Dead (Reboot),Evil Dead II: Dead by Dawn,1987
919,Evil Dead (Reboot),Army of Darkness,1993
920,Evil Dead (Reboot),Evil Dead,2013
921,Evil Dead (Reboot),Evil Dead Rise,2023
922,Arthur Arthur (Original),Arthur,1981
923,Arthur Arthur (Original),Arthur 2: On the Rocks,1988
924,Arthur Arthur (Original),Arthur,2011
925,Riddick (The Chronicles of Riddick),Pitch Black,2000
926,Riddick (The Chronicles of Riddick),The Chronicles of Riddick,2004
927,Riddick (The Chronicles of Riddick),Riddick,2013
928,Bridget Jones,Bridget Jones's Diary,2001
929,Bridget Jones,Bridget Jones: The Edge of Reason,2004
930,Bridget Jones,Bridget Jones's Baby,2016
931,Peter Pan (Disney),Peter Pan,1953
932,Peter Pan (Disney),Peter Pan II: Return to Neverland,2002
933,Peter Pan (Disney),Hook,1991
934,Peter Pan (Disney),Peter Pan,2003
935,Peter Pan (Disney),Finding Neverland,2004
936,Peter Pan (Disney),Pan,2015
937,Peter Pan (Disney),Peter Pan and Wendy,2023
938,Power Rangers,Mighty Morphin' Power Rangers The Movie,1995
939,Power Rangers,Turbo: A Power Rangers Movie,1997
940,Power Rangers,Power Rangers,2017
941,Power Rangers,Mighty Morphin Power Rangers: Once & Always   (TV),2023
942,The Mighty Ducks,The Mighty Ducks,1992
943,The Mighty Ducks,D2: The Mighty Ducks,1994
944,The Mighty Ducks,D3: The Mighty Ducks,1996
945,Friday,Friday,1995
946,Friday,Next Friday,2000
947,Friday,Friday After Next,2002
948,Why Did I Get Married?,(Tyler Perry's) Why Did I Get Married?,2007
949,Why Did I Get Married?,(Tyler Perry's) Why Did I Get Married Too?,2010
950,Transporter,The Transporter,2002
951,Transporter,Transporter 2,2005
952,Transporter,Transporter 3,2008
953,Transporter,The Transporter Refueled,2015
954,Shaft,Shaft,1971
955,Shaft,Shaft's Big Score!,1972
956,Shaft,Shaft in Africa,1973
957,Shaft,Shaft,2000
958,Shaft,Shaft,2019
959,I Know What You Did Last Summer,I Know What You Did Last Summer,1997
960,I Know What You Did Last Summer,I Still Know What You Did Last Summer,1998
961,Free Willy,Free Willy,1993
962,Free Willy,Free Willy 2: The Adventure Home,1995
963,Free Willy,Free Willy 3: The Rescue,1997
964,Beethoven,Beethoven,1992
965,Beethoven,Beethoven's 2nd,1993
966,View Askewniverse (and More),Clerks,1994
967,View Askewniverse (and More),Mallrats,1995
968,View Askewniverse (and More),Chasing Amy,1997
969,View Askewniverse (and More),Dogma,1999
970,View Askewniverse (and More),Jay and Silent Bob Strike Back,2001
971,View Askewniverse (and More),Clerks II,2006
972,View Askewniverse (and More),Jay and Silent Bob Reboot,2019
973,PAW Patrol,PAW Patrol: The Movie,2021
974,PAW Patrol,PAW Patrol: The Mighty Movie,2023
975,Best Man,The Best Man,1999
976,Best Man,The Best Man Holiday,2013
977,Garfield,Garfield: The Movie,2004
978,Garfield,Garfield: A Tail of Two Kitties,2006
979,Witch Mountain Witch Mountain (Original),Escape to Witch Mountain,1975
980,Witch Mountain Witch Mountain (Original),Return from Witch Mountain,1978
981,Witch Mountain Witch Mountain (Original),Race to Witch Mountain,2009
982,Psycho,Psycho,1960
983,Psycho,Psycho II,1983
984,Psycho,Psycho III,1986
985,Psycho,Psycho,1998
986,Anaconda,Anaconda,1997
987,Anaconda,Anacondas: The Hunt for the Blood Orchid,2004
988,Benji,Benji,1974
989,Benji,For the Love of Benji,1977
990,Benji,Oh! Heavenly Dog,1980
991,Benji,Benji the Hunted,1987
992,Benji,Benji: Off the Leash!,2004
993,Benji,Benji,2018
994,Ernest,Ernest Goes to Camp,1987
995,Ernest,Ernest Saves Christmas,1988
996,Ernest,Ernest Goes to Jail,1990
997,Ernest,Ernest Scared Stupid,1991
998,Ernest,Ernest Rides Again,1993
999,Conan,Conan the Barbarian,1982
1000,Conan,Conan the Destroyer,1984
1001,Conan,Conan the Barbarian,2011
1002,Harold and Kumar,Harold and Kumar Go to White Castle,2004
1003,Harold and Kumar,Harold and Kumar Escape from Guantanamo Bay,2008
1004,Harold and Kumar,A Very Harold & Kumar 3D Christmas,2011
1005,The Bad News Bears The Bad News Bears (Original),The Bad News Bears,1976
1006,The Bad News Bears The Bad News Bears (Original),The Bad News Bears in Breaking Training,1977
1007,The Bad News Bears The Bad News Bears (Original),The Bad News Bears Go to Japan,1978
1008,The Bad News Bears The Bad News Bears (Original),Bad News Bears,2005
1009,God's Not Dead,God's Not Dead,2014
1010,God's Not Dead,God's Not Dead 2,2016
1011,God's Not Dead,God's Not Dead: A Light in Darkness,2018
1012,Major League,Major League,1989
1013,Major League,Major League II,1994
1014,Major League,Major League: Back to the Minors,1998
1015,El Mariachi,El Mariachi,1992
1016,El Mariachi,Desperado,1995
1017,El Mariachi,Once Upon a Time in Mexico,2003
1018,Bill & Ted,Bill & Ted's Excellent Adventure,1989
1019,Bill & Ted,Bill & Ted's Bogus Journey,1991
1020,Bill & Ted,Bill & Ted Face the Music,2020
1021,Species,Species,1995
1022,Species,Species II,1998
1023,Species,Species III,2004
1024,Species,Species - The Awakening   (aka Species IV) (video),2007
1025,"Oh, God!","Oh, God!",1977
1026,"Oh, God!","Oh, God! Book II",1980
1027,"Oh, God!","Oh, God! You Devil",1984
1028,Jeepers Creepers,Jeepers Creepers,2001
1029,Jeepers Creepers,Jeepers Creepers II,2003
1030,Jeepers Creepers,Jeepers Creepers 3,2017
1031,House Party,House Party,1990
1032,House Party,House Party 2: The Pajama Jam!,1991
1033,House Party,House Party 3,1994
1034,Three Flavours Cornetto (Trilogy,Shaun of the Dead,2004
1035,Three Flavours Cornetto (Trilogy,Hot Fuzz,2007
1036,Three Flavours Cornetto (Trilogy,The World's End,2013
1037,Lake Placid,Lake Placid,1999
1038,Lake Placid,Lake Placid 2,2007
1039,Lake Placid,Lake Placid 3,2010
1040,Lake Placid,Lake Placid: The Final Chapter   (aka Lake Placid 4),2012
1041,Man With No Name (or Dollars Trilogy),Fistful of Dollars,1964
1042,Man With No Name (or Dollars Trilogy),For a Few Dollars More,1965
1043,Man With No Name (or Dollars Trilogy),"Il Buono, Il Brutto, Il Cattivo",1966
1044,DragonHeart,DragonHeart,1996
1045,DragonHeart,"Dragonheart: A New Beginning   (aka DragonHeart
          II)",2000
1046,DragonHeart,DragonHeart 3: The Sorcerer's Curse,2015
1047,Meatballs (Original),Meatballs,1979
1048,Meatballs (Original),Meatballs Part II,1984
1049,Meatballs (Original),Meatballs III: Summer Job,1986
1050,Meatballs (Original),Meatballs 4: To the Rescue,1992
1051,Hellraiser,Hellraiser,1987
1052,Hellraiser,Hellbound: Hellraiser II,1988
1053,Hellraiser,Hellraiser III: Hell on Earth,1992
1054,Hellraiser,Hellraiser: Bloodline,1996
1055,Hellraiser,Hellraiser: Inferno,2000
1056,Hellraiser,Hellraiser: Hellseeker,2002
1057,Hellraiser,Hellraiser: Deader,2005
1058,Hellraiser,Hellraiser: Hellworld,2005
1059,Hellraiser,Hellraiser: Revelations,2011
1060,Hellraiser,Hellraiser: Judgment,2018
1061,Hellraiser,Hellraiser,2022
1062,Universal Soldier,Universal Soldier,1992
1063,Universal Soldier,Universal Soldier: The Return,1999
1064,Universal Soldier,Universal Soldier: Regeneration,2009
1065,Universal Soldier,Universal Soldier: Day of Reckoning,2012
1066,Highlander,Highlander,1986
1067,Highlander,Highlander II: The Quickening,1991
1068,Highlander,Highlander: The Final Dimension,1994
1069,Highlander,Highlander: Endgame,2000
1070,Fright Night,Fright Night,1985
1071,Fright Night,Fright Night Part 2,1988
1072,Fright Night,Fright Night,2011
1073,Fright Night,(does not include Fright Night 2: New Blood   (video)),2013
1074,"George Romero's ""Dead""",Night of the Living Dead,1968
1075,"George Romero's ""Dead""",Dawn of the Dead,1978
1076,"George Romero's ""Dead""",Day of the Dead,1985
1077,"George Romero's ""Dead""",Land of the Dead,2005
1078,"George Romero's ""Dead""",Diary of the Dead,2007
1079,"George Romero's ""Dead""",Survival of the Dead,2009
1080,3 Ninjas,3 Ninjas,1992
1081,3 Ninjas,3 Ninjas Kick Back,1994
1082,3 Ninjas,3 Ninjas Knuckle Up,1995
1083,3 Ninjas,3 Ninjas: High Noon at Mega Mountain,1998
1084,Johnny English,Johnny English,2003
1085,Johnny English,Johnny English Reborn,2011
1086,Johnny English,Johnny English Strikes Again,2018
1087,Missing in Action,Missing in Action,1984
1088,Missing in Action,Missing in Action 2: The Beginning,1985
1089,Missing in Action,Braddock: Missing in Action III,1988
1090,Monty Python,And Now for Something Completely Different,1971
1091,Monty Python,Monty Python and the Holy Grail,1975
1092,Monty Python,Life of Brian,1979
1093,Monty Python,Monty Python Live at the Hollywood Bowl,1982
1094,Monty Python,The Meaning of Life,1983
1095,The NeverEnding Story,The NeverEnding Story,1984
1096,The NeverEnding Story,The Neverending Story II: The Next Chapter,1990
1097,The NeverEnding Story,The Neverending Story III: Escape From Fantasia,1994
1098,Iron Eagle (Original),Iron Eagle,1986
1099,Iron Eagle (Original),Iron Eagle II,1988
1100,Iron Eagle (Original),Aces: Iron Eagle III,1992
1101,Iron Eagle (Original),Iron Eagle on the Attack   (aka Iron Eagle IV),1995
1102,Care Bears,The Care Bears Movie,1985
1103,Care Bears,Care Bears Movie II: A New Generation,1986
1104,Care Bears,The Care Bears Adventure in Wonderland,1987
1105,Return of the Living Dead,The Return of the Living Dead,1985
1106,Return of the Living Dead,Return of the Living Dead Part II,1988
1107,Return of the Living Dead,Return of the Living Dead III,1993
1108,Return of the Living Dead,Return of the Living Dead: Necropolis,2005
1109,Return of the Living Dead,Return of the Living Dead: Rave to the Grave,2005
1110,Millennium Trilogy,The Girl with the Dragon Tattoo,2009
1111,Millennium Trilogy,The Girl Who Played With Fire,2009
1112,Millennium Trilogy,The Girl Who Kicked the Hornet's Nest,2009
1113,Before Trilogy,Before Sunrise,1995
1114,Before Trilogy,Before Sunset,2004
1115,Before Trilogy,Before Midnight,2013
1116,Phantasm,Phantasm,1979
1117,Phantasm,Phantasm II,1988
1118,Phantasm,Phantasm III: Lord of the Dead,1994
1119,Phantasm,Phantasm IV: Oblivion,1998
1120,Phantasm,Phantasm: Ravager,2016
1121,Critters,Critters,1986
1122,Critters,Critters 2: The Main Course,1988
1123,Critters,Critters 3,1991
1124,Critters,Critters 4,1992
1125,American Ninja (Warrior),American Ninja,1985
1126,American Ninja (Warrior),American Ninja 2: The Confrontation,1987
1127,American Ninja (Warrior),American Ninja 3: Blood Hunt,1989
1128,American Ninja (Warrior),American Ninja 4: The Annihilation,1990
1129,American Ninja (Warrior),American Ninja 5   (unofficial entry),1993
1130,Dhoom,Dhoom,2004
1131,Dhoom,Dhoom 2,2006
1132,Dhoom,Dhoom 3,2013
1133,Atlas Shrugged,Atlas Shrugged,2011
1134,Atlas Shrugged,Atlas Shrugged II: The Strike,2012
1135,Atlas Shrugged,Atlas Shrugged III: Who Is John Galt?,2014
1136,Trois Couleurs (Three Colors),Trois Couleurs: Bleu,1993
1137,Trois Couleurs (Three Colors),Trois Couleurs: Blanc,1994
1138,Trois Couleurs (Three Colors),Trois Couleurs: Rouge,1994
1139,The Trip,The Trip,2010
1140,The Trip,The Trip to Italy,2014
1141,The Trip,The Trip to Spain,2017
1142,Ip Man (Original),Ip Man,2008
1143,Ip Man (Original),Ip Man 2,2011
1144,Ip Man (Original),Ip Man 3,2015
1145,Ip Man (Original),Ip Man 4,2019
1146,Ip Man (Original),Master Z: Ip Man Legacy,2018
1147,Ip Man (Original),The Legend Is Born: Ip Man,2010
1148,Ip Man (Original),Ip Man: The Final Fight,2013
